Workbook

Sheet HOUSHING DATA
A1: price | B1: area | C1: bedrooms | D1: bathrooms | E1: Imput Total Rooms | F1: stories | G1: mainroad | H1: guestroom | I1: basement | J1: hotwaterheating | K1: airconditioning | L1: parking | M1: prefarea | N1: furnishingstatus
A2: 13300000 | B2: 7420 | C2: 4 | D2: 2 | E2: ='HOUSHING DATA'!C2+'HOUSHING DATA'!D2 -> 6 | F2: 3 | G2: Yes | H2: No | I2: No | J2: No | K2: Yes | L2: 2 | M2: Yes | N2: Furnished
A3: 12250000 | B3: 8960 | C3: 4 | D3: 4 | E3: ='HOUSHING DATA'!C3+'HOUSHING DATA'!D3 -> 8 | F3: 4 | G3: Yes | H3: No | I3: No | J3: No | K3: Yes | L3: 3 | M3: No | N3: Furnished
A4: 12250000 | B4: 9960 | C4: 3 | D4: 2 | E4: ='HOUSHING DATA'!C4+'HOUSHING DATA'!D4 -> 5 | F4: 2 | G4: Yes | H4: No | I4: Yes | J4: No | K4: No | L4: 2 | M4: Yes | N4: Semi-Furnished
A5: 12215000 | B5: 7500 | C5: 4 | D5: 2 | E5: ='HOUSHING DATA'!C5+'HOUSHING DATA'!D5 -> 6 | F5: 2 | G5: Yes | H5: No | I5: Yes | J5: No | K5: Yes | L5: 3 | M5: Yes | N5: Furnished
A6: 11410000 | B6: 7420 | C6: 4 | D6: 1 | E6: ='HOUSHING DATA'!C6+'HOUSHING DATA'!D6 -> 5 | F6: 2 | G6: Yes | H6: Yes | I6: Yes | J6: No | K6: Yes | L6: 2 | M6: No | N6: Furnished
A7: 10850000 | B7: 7500 | C7: 3 | D7: 3 | E7: ='HOUSHING DATA'!C7+'HOUSHING DATA'!D7 -> 6 | F7: 1 | G7: Yes | H7: No | I7: Yes | J7: No | K7: Yes | L7: 2 | M7: Yes | N7: Semi-Furnished
A8: 10150000 | B8: 8580 | C8: 4 | D8: 3 | E8: ='HOUSHING DATA'!C8+'HOUSHING DATA'!D8 -> 7 | F8: 4 | G8: Yes | H8: No | I8: No | J8: No | K8: Yes | L8: 2 | M8: Yes | N8: Semi-Furnished
A9: 10150000 | B9: 16200 | C9: 5 | D9: 3 | E9: ='HOUSHING DATA'!C9+'HOUSHING DATA'!D9 -> 8 | F9: 2 | G9: Yes | H9: No | I9: No | J9: No | K9: No | L9: 0 | M9: No | N9: UnFurnished
A10: 9870000 | B10: 8100 | C10: 4 | D10: 1 | E10: ='HOUSHING DATA'!C10+'HOUSHING DATA'!D10 -> 5 | F10: 2 | G10: Yes | H10: Yes | I10: Yes | J10: No | K10: Yes | L10: 2 | M10: Yes | N10: Furnished
A11: 9800000 | B11: 5750 | C11: 3 | D11: 2 | E11: ='HOUSHING DATA'!C11+'HOUSHING DATA'!D11 -> 5 | F11: 4 | G11: Yes | H11: Yes | I11: No | J11: No | K11: Yes | L11: 1 | M11: Yes | N11: UnFurnished
A12: 9800000 | B12: 13200 | C12: 3 | D12: 1 | E12: ='HOUSHING DATA'!C12+'HOUSHING DATA'!D12 -> 4 | F12: 2 | G12: Yes | H12: No | I12: Yes | J12: No | K12: Yes | L12: 2 | M12: Yes | N12: Furnished
A13: 9681000 | B13: 6000 | C13: 4 | D13: 3 | E13: ='HOUSHING DATA'!C13+'HOUSHING DATA'!D13 -> 7 | F13: 2 | G13: Yes | H13: Yes | I13: Yes | J13: Yes | K13: No | L13: 2 | M13: No | N13: Semi-Furnished
... A546: 1750000 | B546: 3850 | C546: 3 | D546: 1 | E546: ='HOUSHING DATA'!C546+'HOUSHING DATA'!D546 -> 4 | F546: 2 | G546: Yes | H546: No | I546: No | J546: No | K546: No | L546: 0 | M546: No | N546: UnFurnished

Sheet Furnishing status vs Price
A1: furnishingstatus | B1: Total Rooms | C1: price | D1: Price Per Sqr.Ft | E1: Pirice Category | F1: guestroom
A2: Furnished | B2: 6 | C2: 13300000 | D2: ='HOUSHING DATA'!A2/'HOUSHING DATA'!B2 -> 1792.4528 | E2: =IF(C2<5000000,"Affordable","Expensive") -> Expensive | F2: No
A3: Furnished | B3: 8 | C3: 12250000 | D3: ='HOUSHING DATA'!A3/'HOUSHING DATA'!B3 -> 1367.1875 | E3: =IF(C3<5000000,"Affordable","Expensive") -> Expensive | F3: No
A4: Semi-Furnished | B4: 5 | C4: 12250000 | D4: ='HOUSHING DATA'!A4/'HOUSHING DATA'!B4 -> 1229.9197 | E4: =IF(C4<5000000,"Affordable","Expensive") -> Expensive | F4: No
A5: Furnished | B5: 6 | C5: 12215000 | D5: ='HOUSHING DATA'!A5/'HOUSHING DATA'!B5 -> 1628.6667 | E5: =IF(C5<5000000,"Affordable","Expensive") -> Expensive | F5: No
A6: Furnished | B6: 5 | C6: 11410000 | D6: ='HOUSHING DATA'!A6/'HOUSHING DATA'!B6 -> 1537.7358 | E6: =IF(C6<5000000,"Affordable","Expensive") -> Expensive | F6: Yes
A7: Semi-Furnished | B7: 6 | C7: 10850000 | D7: ='HOUSHING DATA'!A7/'HOUSHING DATA'!B7 -> 1446.6667 | E7: =IF(C7<5000000,"Affordable","Expensive") -> Expensive | F7: No
A8: Semi-Furnished | B8: 7 | C8: 10150000 | D8: ='HOUSHING DATA'!A8/'HOUSHING DATA'!B8 -> 1182.9837 | E8: =IF(C8<5000000,"Affordable","Expensive") -> Expensive | F8: No
A9: UnFurnished | B9: 8 | C9: 10150000 | D9: ='HOUSHING DATA'!A9/'HOUSHING DATA'!B9 -> 626.54321 | E9: =IF(C9<5000000,"Affordable","Expensive") -> Expensive | F9: No
A10: Furnished | B10: 5 | C10: 9870000 | D10: ='HOUSHING DATA'!A10/'HOUSHING DATA'!B10 -> 1218.5185 | E10: =IF(C10<5000000,"Affordable","Expensive") -> Expensive | F10: Yes
A11: UnFurnished | B11: 5 | C11: 9800000 | D11: ='HOUSHING DATA'!A11/'HOUSHING DATA'!B11 -> 1704.3478 | E11: =IF(C11<5000000,"Affordable","Expensive") -> Expensive | F11: Yes
A12: Furnished | B12: 4 | C12: 9800000 | D12: ='HOUSHING DATA'!A12/'HOUSHING DATA'!B12 -> 742.42424 | E12: =IF(C12<5000000,"Affordable","Expensive") -> Expensive | F12: No
A13: Semi-Furnished | B13: 7 | C13: 9681000 | D13: ='HOUSHING DATA'!A13/'HOUSHING DATA'!B13 -> 1613.5 | E13: =IF(C13<5000000,"Affordable","Expensive") -> Expensive | F13: Yes
... A546: UnFurnished | B546: 4 | C546: 1750000 | D546: ='HOUSHING DATA'!A546/'HOUSHING DATA'!B546 -> 454.54545 | E546: =IF(C546<5000000,"Affordable","Expensive") -> Affordable | F546: No

Sheet Furnishing Vs BHK Rooms
A1: furnishingstatus | B1: bedrooms | C1: BHK Bedrooms | D1: parking | E1: guestroom
A2: Furnished | B2: 4 | C2: =A2 & " BHK - " & B2 -> Furnished BHK - 4 | D2: 2 | E2: No
A3: Furnished | B3: 4 | C3: =A3 & " BHK - " & B3 -> Furnished BHK - 4 | D3: 3 | E3: No
A4: Semi-Furnished | B4: 3 | C4: =A4 & " BHK - " & B4 -> Semi-Furnished BHK - 3 | D4: 2 | E4: No
A5: Furnished | B5: 4 | C5: =A5 & " BHK - " & B5 -> Furnished BHK - 4 | D5: 3 | E5: No
A6: Furnished | B6: 4 | C6: =A6 & " BHK - " & B6 -> Furnished BHK - 4 | D6: 2 | E6: Yes
A7: Semi-Furnished | B7: 3 | C7: =A7 & " BHK - " & B7 -> Semi-Furnished BHK - 3 | D7: 2 | E7: No
A8: Semi-Furnished | B8: 4 | C8: =A8 & " BHK - " & B8 -> Semi-Furnished BHK - 4 | D8: 2 | E8: No
A9: UnFurnished | B9: 5 | C9: =A9 & " BHK - " & B9 -> UnFurnished BHK - 5 | D9: 0 | E9: No
A10: Furnished | B10: 4 | C10: =A10 & " BHK - " & B10 -> Furnished BHK - 4 | D10: 2 | E10: Yes
A11: UnFurnished | B11: 3 | C11: =A11 & " BHK - " & B11 -> UnFurnished BHK - 3 | D11: 1 | E11: Yes
A12: Furnished | B12: 3 | C12: =A12 & " BHK - " & B12 -> Furnished BHK - 3 | D12: 2 | E12: No
A13: Semi-Furnished | B13: 4 | C13: =A13 & " BHK - " & B13 -> Semi-Furnished BHK - 4 | D13: 2 | E13: Yes
... A546: UnFurnished | B546: 3 | C546: =A546 & " BHK - " & B546 -> UnFurnished BHK - 3 | D546: 0 | E546: No

Sheet Pivot Table 
A1: Row Labels | B1: Count of BHK Bedrooms | C1: Sum of parking | D1: Count of guestroom
A2: Furnished | B2: 140 | C2: 124 | D2: 140
A3: Semi-Furnished | B3: 227 | C3: 167 | D3: 227
A4: UnFurnished | B4: 178 | C4: 87 | D4: 178
A5: (blank)
A6: Grand Total | B6: 545 | C6: 378 | D6: 545
